day,partner_name,number_of_stores,active_stores,units_supplied,units_saved,waste_total,waste_saved
2022-01-01,Andy's Grocery,105,75,228,116,11861.59,2490.93
2022-01-01,Bakeshop,145,124,56,44,8356.7,919.24
2022-01-01,Chainways,143,122,107,94,10413.16,2290.9
2022-01-01,Double-save,234,182,24,22,8713.69,5141.08
2022-01-01,Eatery,456,374,207,186,10910.34,5564.27
2022-01-02,Andy's Grocery,105,82,375,191,11946.58,2508.78
2022-01-02,Bakeshop,145,122,56,44,8677.36,780.96
2022-01-02,Chainways,143,107,82,72,11049.36,2430.86
2022-01-02,Double-save,234,195,31,29,8669.88,5115.23
2022-01-02,Eatery,456,370,104,94,8733.77,4628.9
2022-01-03,Andy's Grocery,105,79,302,154,12482.52,2621.33
2022-01-03,Bakeshop,145,106,68,54,7997.92,879.77
2022-01-03,Chainways,143,124,86,76,10333.7,2273.41
2022-01-03,Double-save,234,182,30,28,9418.48,5556.9
2022-01-03,Eatery,456,355,147,132,12270.0,6380.4
2022-01-04,Andy's Grocery,105,89,202,103,12219.31,2688.25
2022-01-04,Bakeshop,145,111,74,59,8134.47,732.1
2022-01-04,Chainways,143,108,126,111,10181.88,2443.65
2022-01-04,Double-save,234,196,31,29,8276.02,4965.61
2022-01-04,Eatery,456,374,120,108,12436.95,6467.21
2022-01-05,Andy's Grocery,105,80,263,135,12259.24,2819.63
2022-01-05,Bakeshop,145,115,57,45,8106.11,810.61
2022-01-05,Chainways,143,118,101,89,10766.34,2583.92
2022-01-05,Double-save,234,193,29,27,8649.91,5276.45
2022-01-05,Eatery,456,357,192,173,11492.31,5976.0
2022-01-06,Andy's Grocery,105,93,308,158,11850.29,2725.57
2022-01-06,Bakeshop,145,108,81,64,8111.08,730.0
2022-01-06,Chainways,143,121,105,93,10082.54,2318.98
2022-01-06,Double-save,234,178,33,30,8463.8,4993.64
2022-01-06,Eatery,456,365,130,117,10618.35,5521.54
2022-01-07,Andy's Grocery,105,78,253,130,11990.94,2757.92
2022-01-07,Bakeshop,145,124,40,32,7747.9,774.79
2022-01-07,Chainways,143,112,112,99,10343.35,2275.54
2022-01-07,Double-save,234,190,34,31,8420.69,4968.21
2022-01-07,Eatery,456,363,163,147,10807.27,5511.71
2022-01-08,Andy's Grocery,105,84,221,113,11910.28,2501.16
2022-01-08,Bakeshop,145,119,55,44,7757.07,775.71
2022-01-08,Chainways,143,116,105,93,10246.94,2459.27
2022-01-08,Double-save,234,191,37,34,8744.81,5159.44
2022-01-08,Eatery,456,357,183,165,9500.98,4940.51
2022-01-09,Andy's Grocery,105,77,274,141,12350.94,2840.72
2022-01-09,Bakeshop,145,108,52,41,8080.31,888.83
2022-01-09,Chainways,143,113,98,87,10177.3,2442.55
2022-01-09,Double-save,234,197,38,35,8550.77,5130.46
2022-01-09,Eatery,456,358,232,210,12183.41,6457.21
2022-01-10,Andy's Grocery,105,95,304,156,12042.25,2528.87
2022-01-10,Bakeshop,145,112,65,52,7797.75,779.78
2022-01-10,Chainways,143,115,117,103,9832.09,2163.06
2022-01-10,Double-save,234,192,36,33,8086.04,4770.76
2022-01-10,Eatery,456,375,155,140,8702.33,4438.19
2022-01-11,Andy's Grocery,105,90,316,163,12114.61,2786.36
2022-01-11,Bakeshop,145,127,67,53,7604.34,760.43
2022-01-11,Chainways,143,123,99,88,9465.5,2177.07
2022-01-11,Double-save,234,189,35,32,8567.94,5055.08
2022-01-11,Eatery,456,366,161,146,10465.2,5441.9
2022-01-12,Andy's Grocery,105,75,282,145,11993.41,2638.55
2022-01-12,Bakeshop,145,108,68,54,7975.15,797.52
2022-01-12,Chainways,143,115,111,98,10160.67,2336.95
2022-01-12,Double-save,234,182,39,36,8708.94,5138.27
2022-01-12,Eatery,456,363,157,142,12992.03,6885.78
2022-01-13,Andy's Grocery,105,94,284,146,11696.66,2456.3
2022-01-13,Bakeshop,145,126,63,50,8035.64,723.21
2022-01-13,Chainways,143,109,92,81,10460.85,2406.0
2022-01-13,Double-save,234,192,36,33,8657.89,5194.73
2022-01-13,Eatery,456,376,162,147,10410.3,5309.25
2022-01-14,Andy's Grocery,105,77,231,119,12019.06,2764.38
2022-01-14,Bakeshop,145,116,71,56,8078.81,807.88
2022-01-14,Chainways,143,117,89,79,10507.21,2416.66
2022-01-14,Double-save,234,181,43,40,8675.87,5205.52
2022-01-14,Eatery,456,357,128,116,10507.69,5464.0
2022-01-15,Andy's Grocery,105,77,330,170,12272.59,2699.97
2022-01-15,Bakeshop,145,107,52,41,7861.01,707.49
2022-01-15,Chainways,143,111,130,115,10245.44,2356.45
2022-01-15,Double-save,234,186,37,34,8720.97,5145.37
2022-01-15,Eatery,456,375,185,168,11099.57,5882.77
2022-01-16,Andy's Grocery,105,77,236,122,12040.63,2528.53
2022-01-16,Bakeshop,145,120,62,49,7896.18,789.62
2022-01-16,Chainways,143,109,117,104,9833.45,2360.03
2022-01-16,Double-save,234,198,49,45,8576.97,5060.41
2022-01-16,Eatery,456,370,153,139,11127.97,5786.54
2022-01-17,Andy's Grocery,105,88,318,165,12186.0,2802.78
2022-01-17,Bakeshop,145,127,58,46,8356.49,752.08
2022-01-17,Chainways,143,106,105,93,10560.17,2534.44
2022-01-17,Double-save,234,191,43,40,8297.72,5061.61
2022-01-17,Eatery,456,367,171,155,11876.79,6294.7
2022-01-18,Andy's Grocery,105,84,312,161,12218.34,2565.85
2022-01-18,Bakeshop,145,126,67,53,8295.8,746.62
2022-01-18,Chainways,143,126,139,123,9392.56,2066.36
2022-01-18,Double-save,234,179,47,44,8591.4,5240.75
2022-01-18,Eatery,456,360,195,177,10245.91,5327.87
2022-01-19,Andy's Grocery,105,90,305,158,12046.08,2650.14
2022-01-19,Bakeshop,145,122,70,56,8398.49,755.86
2022-01-19,Chainways,143,115,116,103,9917.21,2380.13
2022-01-19,Double-save,234,192,40,37,9160.42,5496.25
2022-01-19,Eatery,456,376,138,125,10967.73,5812.9
2022-01-20,Andy's Grocery,105,78,331,172,12316.56,2709.64
2022-01-20,Bakeshop,145,121,70,56,8374.04,753.66
2022-01-20,Chainways,143,116,90,80,11042.13,2539.69
2022-01-20,Double-save,234,185,45,42,8801.65,5192.97
2022-01-20,Eatery,456,368,156,142,10538.45,5374.61
2022-01-21,Andy's Grocery,105,78,132,69,12263.1,2820.51
2022-01-21,Bakeshop,145,122,79,63,8628.34,776.55
2022-01-21,Chainways,143,117,99,88,11146.07,2452.14
2022-01-21,Double-save,234,185,49,46,8630.23,5091.84
2022-01-21,Eatery,456,358,211,192,10276.45,5343.75
2022-01-22,Andy's Grocery,105,88,261,135,12093.27,2781.45
2022-01-22,Bakeshop,145,110,76,61,7919.25,871.12
2022-01-22,Chainways,143,111,114,101,11191.05,2685.85
2022-01-22,Double-save,234,182,46,43,8288.83,4890.41
2022-01-22,Eatery,456,362,50,45,9321.26,4847.06
2022-01-23,Andy's Grocery,105,90,337,175,12209.15,2563.92
2022-01-23,Bakeshop,145,120,95,76,7752.88,697.76
2022-01-23,Chainways,143,125,104,93,9541.73,2290.02
2022-01-23,Double-save,234,194,47,44,8647.46,5188.48
2022-01-23,Eatery,456,372,147,134,12622.39,6689.87
2022-01-24,Andy's Grocery,105,84,284,148,12443.2,2737.5
2022-01-24,Bakeshop,145,119,75,60,7628.62,762.86
2022-01-24,Chainways,143,115,126,112,10359.96,2486.39
2022-01-24,Double-save,234,180,55,51,8180.02,4908.01
2022-01-24,Eatery,456,360,183,166,14082.68,7463.82
2022-01-25,Andy's Grocery,105,87,283,148,12677.56,2662.29
2022-01-25,Bakeshop,145,110,87,70,8057.41,886.32
2022-01-25,Chainways,143,124,111,99,9600.4,2112.09
2022-01-25,Double-save,234,179,56,52,8147.95,4888.77
2022-01-25,Eatery,456,372,200,182,11258.29,5966.89
2022-01-26,Andy's Grocery,105,89,382,199,12107.69,2663.69
2022-01-26,Bakeshop,145,121,71,57,8001.82,800.18
2022-01-26,Chainways,143,112,77,69,9745.16,2338.84
2022-01-26,Double-save,234,181,51,47,8777.59,5266.55
2022-01-26,Eatery,456,357,208,189,11395.02,5925.41
2022-01-27,Andy's Grocery,105,92,345,180,12066.29,2533.92
2022-01-27,Bakeshop,145,120,93,75,8302.54,830.25
2022-01-27,Chainways,143,110,152,136,9863.97,2268.71
2022-01-27,Double-save,234,181,54,50,8636.13,5268.04
2022-01-27,Eatery,456,365,123,112,10285.99,5451.57
2022-01-28,Andy's Grocery,105,90,281,147,11702.38,2457.5
2022-01-28,Bakeshop,145,110,91,73,8042.13,804.21
2022-01-28,Chainways,143,112,110,98,10303.12,2472.75
2022-01-28,Double-save,234,189,59,55,8347.04,5008.22
2022-01-28,Eatery,456,369,190,173,11327.17,5776.86
2022-01-29,Andy's Grocery,105,97,317,166,11952.86,2510.1
2022-01-29,Bakeshop,145,118,71,57,7448.73,819.36
2022-01-29,Chainways,143,127,103,92,10696.48,2567.16
2022-01-29,Double-save,234,189,58,54,8628.37,5177.02
2022-01-29,Eatery,456,377,195,178,10167.81,5185.58
2022-01-30,Andy's Grocery,105,87,340,178,12188.82,2559.65
2022-01-30,Bakeshop,145,118,97,78,8249.18,824.92
2022-01-30,Chainways,143,115,110,98,9705.75,2135.27
2022-01-30,Double-save,234,189,55,51,8634.42,5267.0
2022-01-30,Eatery,456,373,136,124,13159.7,6843.04
2022-01-31,Andy's Grocery,105,78,240,125,12301.91,2583.4
2022-01-31,Bakeshop,145,123,77,62,8237.81,823.78
2022-01-31,Chainways,143,110,144,128,10644.58,2554.7
2022-01-31,Double-save,234,187,58,54,8414.92,5133.1
2022-01-31,Eatery,456,364,150,137,11552.84,6007.48
2022-02-01,Andy's Grocery,105,79,302,158,11814.56,2717.35
2022-02-01,Bakeshop,145,113,85,68,8189.46,737.05
2022-02-01,Chainways,143,116,129,116,10303.5,2266.77
2022-02-01,Double-save,234,189,60,56,8599.2,5073.53
2022-02-01,Eatery,456,373,187,171,10456.28,5332.7
2022-02-02,Andy's Grocery,105,84,316,166,11841.43,2605.11
2022-02-02,Bakeshop,145,123,85,68,8006.94,800.69
2022-02-02,Chainways,143,116,91,81,10904.07,2616.98
2022-02-02,Double-save,234,196,60,56,8560.38,5136.23
2022-02-02,Eatery,456,367,158,145,13330.85,6932.04
2022-02-03,Andy's Grocery,105,94,221,116,12303.41,2706.75
2022-02-03,Bakeshop,145,123,81,65,8208.1,902.89
2022-02-03,Chainways,143,128,124,111,11098.77,2552.72
2022-02-03,Double-save,234,180,60,56,8270.41,4962.25
2022-02-03,Eatery,456,359,185,169,12122.69,6182.57
2022-02-04,Andy's Grocery,105,78,406,214,12117.49,2544.67
2022-02-04,Bakeshop,145,122,86,69,8145.16,814.52
2022-02-04,Chainways,143,125,135,121,9149.45,2104.37
2022-02-04,Double-save,234,185,63,59,8981.87,5389.12
2022-02-04,Eatery,456,376,193,176,10574.15,5498.56
2022-02-05,Andy's Grocery,105,97,328,173,12330.84,2836.09
2022-02-05,Bakeshop,145,120,77,62,7730.59,773.06
2022-02-05,Chainways,143,114,118,106,8945.59,2057.49
2022-02-05,Double-save,234,186,66,62,9159.75,5495.85
2022-02-05,Eatery,456,365,148,135,12469.0,6608.57
2022-02-06,Andy's Grocery,105,88,404,212,12085.17,2537.89
2022-02-06,Bakeshop,145,116,78,63,8467.39,931.41
2022-02-06,Chainways,143,123,129,116,10822.71,2489.22
2022-02-06,Double-save,234,197,57,53,8820.52,5380.52
2022-02-06,Eatery,456,373,180,165,10967.5,5812.78
2022-02-07,Andy's Grocery,105,81,332,175,11913.9,2740.2
2022-02-07,Bakeshop,145,129,102,82,8124.52,893.7
2022-02-07,Chainways,143,112,126,113,11476.67,2524.87
2022-02-07,Double-save,234,190,69,65,8403.36,5042.02
2022-02-07,Eatery,456,373,157,144,10841.51,5529.17
2022-02-08,Andy's Grocery,105,89,358,189,12168.42,2555.37
2022-02-08,Bakeshop,145,128,99,80,8918.67,981.05
2022-02-08,Chainways,143,122,149,134,9415.06,2259.61
2022-02-08,Double-save,234,184,66,62,8113.19,4949.05
2022-02-08,Eatery,456,373,149,137,12025.91,6133.21
2022-02-09,Andy's Grocery,105,81,317,167,12182.09,2558.24
2022-02-09,Bakeshop,145,112,68,55,8035.31,883.88
2022-02-09,Chainways,143,118,130,117,9908.33,2179.83
2022-02-09,Double-save,234,184,66,62,8630.19,5264.42
2022-02-09,Eatery,456,378,190,174,11807.38,6021.76
2022-02-10,Andy's Grocery,105,96,411,217,11921.9,2622.82
2022-02-10,Bakeshop,145,125,94,76,7729.29,772.93
2022-02-10,Chainways,143,126,145,130,11051.62,2652.39
2022-02-10,Double-save,234,196,73,68,8627.62,5090.3
2022-02-10,Eatery,456,372,114,105,11487.4,5858.57
2022-02-11,Andy's Grocery,105,85,324,171,12370.47,2845.21
2022-02-11,Bakeshop,145,113,113,91,8450.58,929.56
2022-02-11,Chainways,143,125,137,123,9519.82,2189.56
2022-02-11,Double-save,234,201,67,63,8642.81,5185.69
2022-02-11,Eatery,456,377,152,139,11113.11,5778.82
2022-02-12,Andy's Grocery,105,99,413,219,12196.57,2683.25
2022-02-12,Bakeshop,145,123,82,66,8392.22,755.3
2022-02-12,Chainways,143,122,146,131,11210.35,2578.38
2022-02-12,Double-save,234,199,70,66,8396.43,5121.82
2022-02-12,Eatery,456,372,180,165,10132.41,5167.53
2022-02-13,Andy's Grocery,105,90,426,225,11922.51,2742.18
2022-02-13,Bakeshop,145,126,85,69,8371.98,837.2
2022-02-13,Chainways,143,124,137,123,9971.0,2193.62
2022-02-13,Double-save,234,191,71,67,8641.75,5098.63
2022-02-13,Eatery,456,365,181,166,9766.88,5078.78
2022-02-14,Andy's Grocery,105,82,378,200,11926.69,2743.14
2022-02-14,Bakeshop,145,127,98,79,8358.0,752.22
2022-02-14,Chainways,143,119,155,140,10480.14,2410.43
2022-02-14,Double-save,234,188,71,67,9101.96,5461.18
2022-02-14,Eatery,456,368,187,172,11037.07,5628.91
2022-02-15,Andy's Grocery,105,89,209,111,12117.84,2544.75
2022-02-15,Bakeshop,145,117,92,74,8035.67,803.57
2022-02-15,Chainways,143,128,119,107,10046.23,2411.1
2022-02-15,Double-save,234,199,77,72,8615.41,5169.25
2022-02-15,Eatery,456,373,228,210,9466.08,4827.7
2022-02-16,Andy's Grocery,105,80,404,215,11888.0,2615.36
2022-02-16,Bakeshop,145,130,108,88,7709.21,693.83
2022-02-16,Chainways,143,114,121,109,9349.31,2150.34
2022-02-16,Double-save,234,190,75,71,8325.19,4995.11
2022-02-16,Eatery,456,372,202,186,10624.82,5524.91
2022-02-17,Andy's Grocery,105,96,357,190,12393.1,2726.48
2022-02-17,Bakeshop,145,116,100,81,8394.39,755.5
2022-02-17,Chainways,143,111,153,138,10409.51,2394.19
2022-02-17,Double-save,234,183,73,69,8911.52,5257.8
2022-02-17,Eatery,456,359,203,187,12352.68,6299.87
2022-02-18,Andy's Grocery,105,90,275,146,11940.04,2626.81
2022-02-18,Bakeshop,145,118,108,88,7862.29,786.23
2022-02-18,Chainways,143,118,149,134,11164.7,2567.88
2022-02-18,Double-save,234,197,74,70,8599.52,5159.71
2022-02-18,Eatery,456,379,175,161,11571.98,5901.71
2022-02-19,Andy's Grocery,105,95,337,180,12138.9,2670.56
2022-02-19,Bakeshop,145,132,97,79,7624.33,686.19
2022-02-19,Chainways,143,110,122,110,10409.47,2498.27
2022-02-19,Double-save,234,186,77,72,8377.7,4942.84
2022-02-19,Eatery,456,373,274,253,11428.93,5943.04
2022-02-20,Andy's Grocery,105,93,334,178,12071.61,2776.47
2022-02-20,Bakeshop,145,124,93,75,7730.18,850.32
2022-02-20,Chainways,143,122,123,111,9455.7,2269.37
2022-02-20,Double-save,234,200,78,73,8839.3,5215.19
2022-02-20,Eatery,456,372,192,178,9803.35,5195.78
2022-02-21,Andy's Grocery,105,89,428,228,12318.91,2586.97
2022-02-21,Bakeshop,145,110,96,78,7906.58,790.66
2022-02-21,Chainways,143,118,137,124,10809.59,2594.3
2022-02-21,Double-save,234,192,79,75,8565.4,5139.24
2022-02-21,Eatery,456,380,132,122,9327.48,4757.01
2022-02-22,Andy's Grocery,105,91,260,139,12083.05,2658.27
2022-02-22,Bakeshop,145,128,103,84,7933.35,714.0
2022-02-22,Chainways,143,111,159,143,10096.71,2221.28
2022-02-22,Double-save,234,194,83,78,8395.26,4953.2
2022-02-22,Eatery,456,375,154,143,12153.36,6198.21
2022-02-23,Andy's Grocery,105,92,314,167,11763.26,2587.92
2022-02-23,Bakeshop,145,117,109,89,7586.35,758.64
2022-02-23,Chainways,143,113,138,125,9859.9,2366.38
2022-02-23,Double-save,234,190,75,71,7968.1,4860.54
2022-02-23,Eatery,456,376,170,157,12411.17,6329.7
2022-02-24,Andy's Grocery,105,82,291,155,12162.76,2675.81
2022-02-24,Bakeshop,145,126,104,84,7759.89,853.59
2022-02-24,Chainways,143,120,143,130,11033.34,2648.0
2022-02-24,Double-save,234,196,87,82,9082.68,5449.61
2022-02-24,Eatery,456,366,233,216,11841.11,6038.97
2022-02-25,Andy's Grocery,105,85,358,192,11760.76,2587.37
2022-02-25,Bakeshop,145,122,120,98,8191.39,819.14
2022-02-25,Chainways,143,119,126,114,10130.61,2431.35
2022-02-25,Double-save,234,201,83,78,8315.94,5072.72
2022-02-25,Eatery,456,372,203,187,10507.27,5463.78
2022-02-26,Andy's Grocery,105,87,396,211,12330.67,2836.05
2022-02-26,Bakeshop,145,118,93,76,7928.02,713.52
2022-02-26,Chainways,143,126,155,140,10266.98,2464.08
2022-02-26,Double-save,234,193,86,81,8458.28,5074.97
2022-02-26,Eatery,456,360,215,199,10336.66,5375.06
2022-02-27,Andy's Grocery,105,82,218,117,11815.96,2599.51
2022-02-27,Bakeshop,145,113,88,72,8227.41,905.02
2022-02-27,Chainways,143,119,151,137,10669.88,2560.77
2022-02-27,Double-save,234,183,85,80,8238.95,4860.98
2022-02-27,Eatery,456,375,170,157,11630.16,6047.68
2022-02-28,Andy's Grocery,105,83,340,182,12109.09,2785.09
2022-02-28,Bakeshop,145,113,79,65,8396.39,755.68
2022-02-28,Chainways,143,115,162,147,11006.41,2531.47
2022-02-28,Double-save,234,201,88,83,7925.31,4755.19
2022-02-28,Eatery,456,382,199,184,11011.7,5615.97
2022-03-01,Andy's Grocery,105,89,319,170,11980.63,2515.93
2022-03-01,Bakeshop,145,117,101,82,7910.17,711.92
2022-03-01,Chainways,143,121,189,171,10182.1,2341.88
2022-03-01,Double-save,234,198,89,84,8690.38,5301.13
2022-03-01,Eatery,456,383,227,211,10956.11,5587.62
2022-03-02,Andy's Grocery,105,97,353,189,12372.9,2722.04
2022-03-02,Bakeshop,145,120,106,86,8315.6,748.4
2022-03-02,Chainways,143,117,147,133,10777.0,2370.94
2022-03-02,Double-save,234,192,87,82,8352.38,4927.9
2022-03-02,Eatery,456,374,220,204,10541.31,5481.48
2022-03-03,Andy's Grocery,105,79,332,178,11841.55,2723.56
2022-03-03,Bakeshop,145,120,110,90,8143.95,814.4
2022-03-03,Chainways,143,130,175,158,9637.84,2216.7
2022-03-03,Double-save,234,205,91,86,8863.7,5318.22
2022-03-03,Eatery,456,370,226,210,9946.9,5072.92
2022-03-04,Andy's Grocery,105,93,374,202,12057.26,2773.17
2022-03-04,Bakeshop,145,122,117,96,7691.87,846.11
2022-03-04,Chainways,143,123,145,131,9515.23,2093.35
2022-03-04,Double-save,234,202,89,85,8619.71,5258.02
2022-03-04,Eatery,456,374,263,244,10590.02,5506.81
2022-03-05,Andy's Grocery,105,88,333,179,11812.19,2480.56
2022-03-05,Bakeshop,145,111,112,91,8629.76,862.98
2022-03-05,Chainways,143,121,159,144,9919.76,2281.54
2022-03-05,Double-save,234,204,91,87,8581.87,5063.3
2022-03-05,Eatery,456,364,181,167,11274.75,5975.62
2022-03-06,Andy's Grocery,105,86,295,158,11628.81,2442.05
2022-03-06,Bakeshop,145,120,114,93,7672.75,844.0
2022-03-06,Chainways,143,112,149,136,10492.79,2518.27
2022-03-06,Double-save,234,196,93,88,8705.02,5223.01
2022-03-06,Eatery,456,369,225,210,10989.42,5714.5
2022-03-07,Andy's Grocery,105,96,302,163,12292.32,2827.23
2022-03-07,Bakeshop,145,117,105,86,7812.03,703.08
2022-03-07,Chainways,143,123,145,132,9096.09,2001.14
2022-03-07,Double-save,234,203,91,87,8404.25,4958.51
2022-03-07,Eatery,456,376,222,206,11386.09,5806.91
2022-03-08,Andy's Grocery,105,87,379,204,12108.89,2785.04
2022-03-08,Bakeshop,145,121,131,107,8629.8,776.68
2022-03-08,Chainways,143,128,176,160,10894.26,2505.68
2022-03-08,Double-save,234,205,96,91,8299.68,4979.81
2022-03-08,Eatery,456,363,181,169,12852.37,6811.76
2022-03-09,Andy's Grocery,105,95,306,166,11917.08,2740.93
2022-03-09,Bakeshop,145,131,140,115,7462.91,671.66
2022-03-09,Chainways,143,119,181,165,10535.21,2528.45
2022-03-09,Double-save,234,188,98,93,8981.49,5299.08
2022-03-09,Eatery,456,384,202,188,9364.45,4869.51
2022-03-10,Andy's Grocery,105,93,255,138,11967.15,2513.1
2022-03-10,Bakeshop,145,125,125,103,8451.26,760.61
2022-03-10,Chainways,143,127,184,168,9226.06,2029.73
2022-03-10,Double-save,234,182,98,93,8784.6,5182.91
2022-03-10,Eatery,456,381,212,197,11386.07,5806.9
2022-03-11,Andy's Grocery,105,80,340,183,11989.19,2757.51
2022-03-11,Bakeshop,145,133,120,99,8170.19,735.32
2022-03-11,Chainways,143,116,158,144,10079.3,2318.24
2022-03-11,Double-save,234,202,98,93,9331.62,5692.29
2022-03-11,Eatery,456,365,225,209,10801.02,5724.54
2022-03-12,Andy's Grocery,105,95,341,185,11754.15,2585.91
2022-03-12,Bakeshop,145,132,123,101,7551.04,830.61
2022-03-12,Chainways,143,116,170,154,10916.97,2401.73
2022-03-12,Double-save,234,186,99,94,8823.99,5382.63
2022-03-12,Eatery,456,379,206,192,11153.32,5688.19
2022-03-13,Andy's Grocery,105,92,253,136,12048.06,2650.57
2022-03-13,Bakeshop,145,118,114,94,8078.9,727.1
2022-03-13,Chainways,143,128,158,144,10676.94,2348.93
2022-03-13,Double-save,234,203,95,91,8373.0,5107.53
2022-03-13,Eatery,456,372,274,255,10218.01,5415.55
2022-03-14,Andy's Grocery,105,86,304,166,12237.4,2692.23
2022-03-14,Bakeshop,145,120,119,98,8102.39,729.22
2022-03-14,Chainways,143,120,147,135,10370.86,2489.01
2022-03-14,Double-save,234,197,101,96,8411.17,5046.7
2022-03-14,Eatery,456,368,190,177,9885.06,5041.38
2022-03-15,Andy's Grocery,105,89,371,201,12236.86,2569.74
2022-03-15,Bakeshop,145,122,137,113,7976.27,717.86
2022-03-15,Chainways,143,129,161,147,9812.72,2158.8
2022-03-15,Double-save,234,195,101,96,8958.96,5285.79
2022-03-15,Eatery,456,369,166,155,11119.25,5670.82
2022-03-16,Andy's Grocery,105,80,338,185,11655.16,2447.58
2022-03-16,Bakeshop,145,132,120,99,7900.74,790.07
2022-03-16,Chainways,143,125,167,152,9769.82,2247.06
2022-03-16,Double-save,234,187,98,93,8564.51,5224.35
2022-03-16,Eatery,456,361,187,175,10973.58,5596.53
2022-03-17,Andy's Grocery,105,98,278,152,12234.46,2691.58
2022-03-17,Bakeshop,145,121,125,103,7578.38,682.05
2022-03-17,Chainways,143,122,187,171,10394.77,2494.74
2022-03-17,Double-save,234,199,100,95,8381.86,5112.93
2022-03-17,Eatery,456,382,186,174,9836.54,5016.64
2022-03-18,Andy's Grocery,105,104,408,221,12169.76,2677.35
2022-03-18,Bakeshop,145,113,117,96,8156.43,734.08
2022-03-18,Chainways,143,118,153,140,9978.51,2394.84
2022-03-18,Double-save,234,189,102,98,8166.41,4818.18
2022-03-18,Eatery,456,374,215,200,11135.91,5790.67
2022-03-19,Andy's Grocery,105,83,316,172,12236.06,2691.93
2022-03-19,Bakeshop,145,122,142,117,8009.55,881.05
2022-03-19,Chainways,143,123,159,146,10139.59,2332.11
2022-03-19,Double-save,234,198,105,100,8076.68,4846.01
2022-03-19,Eatery,456,383,204,191,10624.81,5631.15
2022-03-20,Andy's Grocery,105,99,353,193,12311.23,2585.36
2022-03-20,Bakeshop,145,115,124,102,7767.26,699.05
2022-03-20,Chainways,143,124,161,148,11141.78,2674.03
2022-03-20,Double-save,234,190,110,105,8635.54,5181.32
2022-03-20,Eatery,456,382,250,234,10616.08,5520.36
2022-03-21,Andy's Grocery,105,100,415,227,12341.89,2838.63
2022-03-21,Bakeshop,145,130,133,109,8521.78,766.96
2022-03-21,Chainways,143,113,150,138,11076.53,2658.37
2022-03-21,Double-save,234,194,97,92,8682.91,5209.75
2022-03-21,Eatery,456,363,282,263,11820.98,6265.12
2022-03-22,Andy's Grocery,105,94,307,168,12117.03,2544.58
2022-03-22,Bakeshop,145,122,146,120,8368.4,753.16
2022-03-22,Chainways,143,134,158,145,9489.74,2182.64
2022-03-22,Double-save,234,197,111,106,8417.01,5134.38
2022-03-22,Eatery,456,365,232,218,11964.78,6221.69
2022-03-23,Andy's Grocery,105,96,384,211,11882.11,2495.24
2022-03-23,Bakeshop,145,125,119,99,8238.09,906.19
2022-03-23,Chainways,143,115,171,156,9934.59,2384.3
2022-03-23,Double-save,234,197,107,103,8323.0,5077.03
2022-03-23,Eatery,456,380,236,221,11374.54,5914.76
2022-03-24,Andy's Grocery,105,83,354,192,12298.39,2582.66
2022-03-24,Bakeshop,145,119,135,112,8271.19,909.83
2022-03-24,Chainways,143,128,178,163,10340.76,2378.37
2022-03-24,Double-save,234,197,112,107,8491.35,5179.72
2022-03-24,Eatery,456,379,167,156,11211.1,5717.66
2022-03-25,Andy's Grocery,105,97,474,259,12361.62,2719.56
2022-03-25,Bakeshop,145,122,125,104,7926.31,792.63
2022-03-25,Chainways,143,119,187,172,10606.79,2333.49
2022-03-25,Double-save,234,200,110,105,8722.39,5320.66
2022-03-25,Eatery,456,361,233,218,10843.72,5530.3
2022-03-26,Andy's Grocery,105,91,442,243,12249.27,2694.84
2022-03-26,Bakeshop,145,119,134,110,8320.6,915.27
2022-03-26,Chainways,143,111,176,162,10718.98,2465.37
2022-03-26,Double-save,234,185,107,102,8466.36,4995.15
2022-03-26,Eatery,456,373,275,259,9154.24,4760.2
2022-03-27,Andy's Grocery,105,90,325,177,12088.08,2780.26
2022-03-27,Bakeshop,145,115,137,113,7853.94,706.85
2022-03-27,Chainways,143,130,159,146,9946.57,2387.18
2022-03-27,Double-save,234,209,112,107,8757.19,5341.89
2022-03-27,Eatery,456,363,215,201,11638.41,6051.97
2022-03-28,Andy's Grocery,105,97,357,197,11669.14,2567.21
2022-03-28,Bakeshop,145,132,143,118,7839.89,705.59
2022-03-28,Chainways,143,128,202,186,10054.55,2212.0
2022-03-28,Double-save,234,195,110,105,8942.26,5454.78
2022-03-28,Eatery,456,385,252,237,11610.21,6153.41
2022-03-29,Andy's Grocery,105,81,362,198,12051.07,2651.24
2022-03-29,Bakeshop,145,130,118,98,8184.09,736.57
2022-03-29,Chainways,143,130,179,165,10352.32,2484.56
2022-03-29,Double-save,234,198,116,111,9230.34,5445.9
2022-03-29,Eatery,456,373,236,222,10417.07,5312.71
2022-03-30,Andy's Grocery,105,85,441,241,11947.25,2747.87
2022-03-30,Bakeshop,145,124,142,118,7470.9,747.09
2022-03-30,Chainways,143,115,151,139,11370.61,2728.95
2022-03-30,Double-save,234,185,116,111,8812.51,5287.51
2022-03-30,Eatery,456,377,241,226,10313.07,5259.67
2022-03-31,Andy's Grocery,105,97,422,232,12282.71,2579.37
2022-03-31,Bakeshop,145,126,131,109,7620.84,838.29
2022-03-31,Chainways,143,120,151,139,10381.81,2387.82
2022-03-31,Double-save,234,201,123,118,8605.56,5249.39
2022-03-31,Eatery,456,373,268,251,10225.3,5214.9
2022-04-01,Andy's Grocery,105,101,359,199,12173.12,2799.82
2022-04-01,Bakeshop,145,127,133,110,8118.87,730.7
2022-04-01,Chainways,143,131,176,162,9259.21,2129.62
2022-04-01,Double-save,234,187,115,110,8543.7,5126.22
2022-04-01,Eatery,456,374,255,240,10131.02,5369.44
2022-04-02,Andy's Grocery,105,102,375,207,12168.61,2555.41
2022-04-02,Bakeshop,145,133,129,108,7805.85,702.53
2022-04-02,Chainways,143,137,203,187,10415.36,2499.69
2022-04-02,Double-save,234,196,119,115,8556.26,5133.76
2022-04-02,Eatery,456,370,253,239,11926.14,6082.33
2022-04-03,Andy's Grocery,105,95,465,255,12375.02,2846.25
2022-04-03,Bakeshop,145,127,151,126,7479.55,822.75
2022-04-03,Chainways,143,117,175,161,9872.99,2172.06
2022-04-03,Double-save,234,182,118,114,8445.54,4982.87
2022-04-03,Eatery,456,375,276,260,11597.16,6030.52
2022-04-04,Andy's Grocery,105,98,430,237,12027.77,2766.39
2022-04-04,Bakeshop,145,129,149,123,8021.09,721.9
2022-04-04,Chainways,143,115,168,155,10883.46,2503.2
2022-04-04,Double-save,234,188,121,116,8295.08,4894.1
2022-04-04,Eatery,456,377,204,192,11795.15,6251.43
2022-04-05,Andy's Grocery,105,97,395,219,12051.27,2530.77
2022-04-05,Bakeshop,145,136,150,125,8455.26,930.08
2022-04-05,Chainways,143,129,181,167,10223.91,2249.26
2022-04-05,Double-save,234,205,122,117,8713.39,5228.03
2022-04-05,Eatery,456,384,243,230,11791.09,6249.28
2022-04-06,Andy's Grocery,105,86,390,215,12006.63,2761.52
2022-04-06,Bakeshop,145,133,129,107,7933.46,714.01
2022-04-06,Chainways,143,129,184,170,9943.68,2187.61
2022-04-06,Double-save,234,190,124,120,8435.97,4977.22
2022-04-06,Eatery,456,367,269,254,10278.85,5345.0
2022-04-07,Andy's Grocery,105,89,389,214,12040.87,2648.99
2022-04-07,Bakeshop,145,128,134,111,7802.51,702.23
2022-04-07,Chainways,143,117,167,154,10007.64,2201.68
2022-04-07,Double-save,234,197,129,125,8084.75,4931.7
2022-04-07,Eatery,456,378,268,252,11750.59,5992.8
2022-04-08,Andy's Grocery,105,80,336,185,12212.58,2808.89
2022-04-08,Bakeshop,145,122,152,127,7826.18,860.88
2022-04-08,Chainways,143,132,190,175,10324.22,2271.33
2022-04-08,Double-save,234,205,126,121,8608.12,5078.79
2022-04-08,Eatery,456,384,258,244,8772.07,4649.2
2022-04-09,Andy's Grocery,105,98,531,295,12165.77,2676.47
2022-04-09,Bakeshop,145,128,146,122,8520.81,937.29
2022-04-09,Chainways,143,113,186,172,9925.56,2183.62
2022-04-09,Double-save,234,195,127,122,8374.27,5108.3
2022-04-09,Eatery,456,374,241,228,12229.34,6236.96
2022-04-10,Andy's Grocery,105,93,407,227,12302.34,2706.51
2022-04-10,Bakeshop,145,122,136,113,8197.69,901.75
2022-04-10,Chainways,143,115,186,173,10533.61,2317.39
2022-04-10,Double-save,234,211,132,127,8795.73,5189.48
2022-04-10,Eatery,456,384,229,217,9914.42,5056.35
2022-04-11,Andy's Grocery,105,102,418,230,12111.81,2785.72
2022-04-11,Bakeshop,145,121,156,131,7199.44,719.94
2022-04-11,Chainways,143,128,179,166,9711.36,2233.61
2022-04-11,Double-save,234,197,124,119,8220.9,5014.75
2022-04-11,Eatery,456,372,265,250,10558.49,5596.0
2022-04-12,Andy's Grocery,105,96,325,181,12319.24,2710.23
2022-04-12,Bakeshop,145,122,168,141,8098.95,890.88
2022-04-12,Chainways,143,115,188,174,10685.88,2564.61
2022-04-12,Double-save,234,189,121,117,8720.01,5319.21
2022-04-12,Eatery,456,375,201,190,10909.24,5781.9
2022-04-13,Andy's Grocery,105,104,309,172,12133.68,2790.75
2022-04-13,Bakeshop,145,131,156,130,8372.91,837.29
2022-04-13,Chainways,143,122,220,203,10087.91,2219.34
2022-04-13,Double-save,234,193,127,122,8306.56,5067.0
2022-04-13,Eatery,456,379,293,276,10954.61,5586.85
2022-04-14,Andy's Grocery,105,84,335,186,12010.82,2522.27
2022-04-14,Bakeshop,145,137,157,131,8001.3,880.14
2022-04-14,Chainways,143,122,206,191,10132.46,2431.79
2022-04-14,Double-save,234,200,130,125,8289.75,5056.75
2022-04-14,Eatery,456,379,219,207,11964.34,6221.46
2022-04-15,Andy's Grocery,105,89,466,259,12095.08,2539.97
2022-04-15,Bakeshop,145,128,148,123,7994.74,799.47
2022-04-15,Chainways,143,130,205,190,10092.87,2220.43
2022-04-15,Double-save,234,198,131,126,8661.77,5110.44
2022-04-15,Eatery,456,380,278,262,11492.99,6091.28
2022-04-16,Andy's Grocery,105,101,309,173,11669.4,2683.96
2022-04-16,Bakeshop,145,121,158,133,7889.36,867.83
2022-04-16,Chainways,143,124,199,184,10368.32,2384.71
2022-04-16,Double-save,234,185,132,128,8246.08,4947.65
2022-04-16,Eatery,456,382,276,260,9859.24,5225.4
2022-04-17,Andy's Grocery,105,99,400,223,12114.64,2786.37
2022-04-17,Bakeshop,145,125,156,130,8359.02,919.49
2022-04-17,Chainways,143,126,195,181,10593.27,2330.52
2022-04-17,Double-save,234,192,131,127,8547.3,5042.91
2022-04-17,Eatery,456,383,266,253,11867.19,6170.94
2022-04-18,Andy's Grocery,105,87,406,228,11941.57,2507.73
2022-04-18,Bakeshop,145,118,161,135,7937.26,793.73
2022-04-18,Chainways,143,130,193,179,10626.59,2444.12
2022-04-18,Double-save,234,196,134,130,8267.45,5043.14
2022-04-18,Eatery,456,371,244,231,9958.0,5178.16
2022-04-19,Andy's Grocery,105,102,295,164,12172.4,2799.65
2022-04-19,Bakeshop,145,128,164,137,7605.19,684.47
2022-04-19,Chainways,143,112,181,169,10084.01,2420.16
2022-04-19,Double-save,234,184,134,130,9096.45,5366.91
2022-04-19,Eatery,456,370,248,236,9718.31,5053.52
2022-04-20,Andy's Grocery,105,107,352,195,12026.33,2525.53
2022-04-20,Bakeshop,145,142,150,125,8017.68,801.77
2022-04-20,Chainways,143,120,201,186,10504.85,2416.12
2022-04-20,Double-save,234,191,140,136,8630.28,5264.47
2022-04-20,Eatery,456,365,279,266,12099.76,6291.88
2022-04-21,Andy's Grocery,105,91,373,208,11877.44,2731.81
2022-04-21,Bakeshop,145,132,163,138,7864.44,786.44
2022-04-21,Chainways,143,113,198,185,9495.92,2279.02
2022-04-21,Double-save,234,197,138,134,8869.12,5232.78
2022-04-21,Eatery,456,375,315,300,9775.97,5181.26
2022-04-22,Andy's Grocery,105,92,271,152,12390.89,2602.09
2022-04-22,Bakeshop,145,138,137,115,8211.52,739.04
2022-04-22,Chainways,143,120,218,202,10506.34,2311.39
2022-04-22,Double-save,234,205,142,138,9185.14,5602.94
2022-04-22,Eatery,456,368,277,262,9184.98,4868.04
2022-04-23,Andy's Grocery,105,85,389,217,12493.67,2873.54
2022-04-23,Bakeshop,145,131,179,150,7904.1,711.37
2022-04-23,Chainways,143,124,207,192,10299.35,2471.84
2022-04-23,Double-save,234,197,137,133,7881.06,4649.83
2022-04-23,Eatery,456,385,273,259,9680.96,5034.1
2022-04-24,Andy's Grocery,105,92,436,245,12218.92,2565.97
2022-04-24,Bakeshop,145,127,161,136,7909.86,711.89
2022-04-24,Chainways,143,116,177,164,10705.66,2569.36
2022-04-24,Double-save,234,203,145,140,9170.99,5594.3
2022-04-24,Eatery,456,374,247,234,10597.47,5616.66
2022-04-25,Andy's Grocery,105,103,417,233,12235.27,2569.41
2022-04-25,Bakeshop,145,128,176,148,8411.4,925.25
2022-04-25,Chainways,143,129,205,191,10070.71,2316.26
2022-04-25,Double-save,234,189,141,137,9507.53,5609.44
2022-04-25,Eatery,456,374,293,279,12890.52,6703.07
2022-04-26,Andy's Grocery,105,98,365,207,12037.71,2648.3
2022-04-26,Bakeshop,145,119,157,131,8183.44,818.34
2022-04-26,Chainways,143,127,190,176,10214.8,2451.55
2022-04-26,Double-save,234,202,141,136,9159.37,5404.03
2022-04-26,Eatery,456,371,299,284,10758.49,5594.41
2022-04-27,Andy's Grocery,105,90,424,240,12028.6,2526.01
2022-04-27,Bakeshop,145,132,167,140,7878.26,787.83
2022-04-27,Chainways,143,137,218,203,9854.62,2168.02
2022-04-27,Double-save,234,185,143,140,8574.84,5230.65
2022-04-27,Eatery,456,381,250,239,11775.61,6241.07
2022-04-28,Andy's Grocery,105,94,323,183,11886.5,2733.9
2022-04-28,Bakeshop,145,131,188,158,8013.99,721.26
2022-04-28,Chainways,143,124,204,190,11447.32,2518.41
2022-04-28,Double-save,234,206,143,138,8162.19,4978.94
2022-04-28,Eatery,456,364,263,250,10496.54,5458.2
2022-04-29,Andy's Grocery,105,88,358,203,12223.23,2689.11
2022-04-29,Bakeshop,145,124,165,139,8476.27,932.39
2022-04-29,Chainways,143,139,186,173,11035.16,2648.44
2022-04-29,Double-save,234,213,146,142,8187.71,4830.75
2022-04-29,Eatery,456,366,250,237,11069.58,5866.88
2022-04-30,Andy's Grocery,105,97,448,251,12211.02,2564.31
2022-04-30,Bakeshop,145,128,166,140,7911.3,712.02
2022-04-30,Chainways,143,130,225,210,10032.34,2207.11
2022-04-30,Double-save,234,210,147,143,8364.7,5018.82
2022-04-30,Eatery,456,382,241,230,10123.29,5162.88
2022-05-01,Andy's Grocery,105,93,379,213,12003.6,2640.79
2022-05-01,Bakeshop,145,116,161,135,7889.65,710.07
2022-05-01,Chainways,143,126,205,191,9858.41,2267.43
2022-05-01,Double-save,234,212,146,142,8437.11,4977.89
2022-05-01,Eatery,456,376,296,281,9871.78,5232.04
2022-05-02,Andy's Grocery,105,108,436,247,12200.17,2806.04
2022-05-02,Bakeshop,145,126,172,145,8575.03,857.5
2022-05-02,Chainways,143,122,219,204,11086.81,2660.83
2022-05-02,Double-save,234,187,146,143,8266.2,5042.38
2022-05-02,Eatery,456,376,256,245,11399.79,5927.89
2022-05-03,Andy's Grocery,105,96,432,244,12164.23,2554.49
2022-05-03,Bakeshop,145,130,178,151,7786.27,778.63
2022-05-03,Chainways,143,132,200,187,9986.68,2396.8
2022-05-03,Double-save,234,203,147,144,8484.92,5175.8
2022-05-03,Eatery,456,374,258,247,11929.04,6322.39
2022-05-04,Andy's Grocery,105,88,439,247,11652.91,2447.11
2022-05-04,Bakeshop,145,118,182,153,8116.77,730.51
2022-05-04,Chainways,143,126,223,209,10831.02,2491.13
2022-05-04,Double-save,234,204,148,145,8094.64,4775.84
2022-05-04,Eatery,456,362,284,273,12203.62,6467.92
2022-05-05,Andy's Grocery,105,108,396,223,12074.78,2777.2
2022-05-05,Bakeshop,145,119,178,150,7542.29,754.23
2022-05-05,Chainways,143,119,232,216,9731.22,2140.87
2022-05-05,Double-save,234,201,154,151,8086.07,4770.78
2022-05-05,Eatery,456,381,249,236,11680.85,6190.85
2022-05-06,Andy's Grocery,105,87,377,212,12139.78,2792.15
2022-05-06,Bakeshop,145,143,181,154,8408.91,756.8
2022-05-06,Chainways,143,132,247,231,11022.22,2424.89
2022-05-06,Double-save,234,205,155,151,8616.02,5083.45
2022-05-06,Eatery,456,384,236,227,10883.09,5768.04
2022-05-07,Andy's Grocery,105,106,407,232,12026.45,2766.08
2022-05-07,Bakeshop,145,143,177,150,8249.13,742.42
2022-05-07,Chainways,143,126,206,192,10380.71,2491.37
2022-05-07,Double-save,234,198,155,152,8151.36,4809.3
2022-05-07,Eatery,456,378,322,308,10424.93,5420.96
2022-05-08,Andy's Grocery,105,109,433,244,11673.24,2451.38
2022-05-08,Bakeshop,145,137,171,146,8150.55,815.06
2022-05-08,Chainways,143,138,230,217,11341.92,2495.22
2022-05-08,Double-save,234,201,158,155,8438.71,4978.84
2022-05-08,Eatery,456,371,258,248,12298.15,6272.06
2022-05-09,Andy's Grocery,105,106,419,239,12123.79,2546.0
2022-05-09,Bakeshop,145,127,175,149,7701.2,770.12
2022-05-09,Chainways,143,117,236,221,10485.12,2516.43
2022-05-09,Double-save,234,199,158,155,9110.77,5466.46
2022-05-09,Eatery,456,380,312,299,11715.08,6091.84
2022-05-10,Andy's Grocery,105,94,394,223,12225.13,2567.28
2022-05-10,Bakeshop,145,125,181,153,8009.95,720.9
2022-05-10,Chainways,143,140,243,228,10277.36,2261.02
2022-05-10,Double-save,234,207,157,153,8909.28,5345.57
2022-05-10,Eatery,456,370,313,298,10490.22,5454.91
2022-05-11,Andy's Grocery,105,85,448,252,12119.29,2545.05
2022-05-11,Bakeshop,145,142,175,149,8005.96,880.66
2022-05-11,Chainways,143,134,222,207,10162.74,2235.8
2022-05-11,Double-save,234,205,162,158,8756.85,5254.11
2022-05-11,Eatery,456,389,236,226,10456.1,5332.61
2022-05-12,Andy's Grocery,105,103,532,304,11939.61,2626.71
2022-05-12,Bakeshop,145,139,169,144,8102.04,891.22
2022-05-12,Chainways,143,125,224,210,9762.54,2147.76
2022-05-12,Double-save,234,209,159,155,8369.64,5105.48
2022-05-12,Eatery,456,371,233,225,11007.63,5613.89
2022-05-13,Andy's Grocery,105,101,408,233,12100.96,2662.21
2022-05-13,Bakeshop,145,129,181,153,7785.53,856.41
2022-05-13,Chainways,143,120,222,208,10308.57,2370.97
2022-05-13,Double-save,234,206,159,156,8407.92,4960.67
2022-05-13,Eatery,456,379,254,244,11271.55,5973.92
2022-05-14,Andy's Grocery,105,99,334,193,12101.55,2541.33
2022-05-14,Bakeshop,145,133,182,154,7812.88,859.42
2022-05-14,Chainways,143,141,236,221,10576.29,2538.31
2022-05-14,Double-save,234,195,160,157,8347.03,5091.69
2022-05-14,Eatery,456,369,289,276,9469.34,5018.75
2022-05-15,Andy's Grocery,105,97,408,230,12182.34,2558.29
2022-05-15,Bakeshop,145,138,190,161,7790.13,856.91
2022-05-15,Chainways,143,139,239,226,10804.77,2377.05
2022-05-15,Double-save,234,202,162,159,8965.05,5379.03
2022-05-15,Eatery,456,373,210,203,12204.23,6224.16
2022-05-16,Andy's Grocery,105,100,381,219,11870.53,2611.52
2022-05-16,Bakeshop,145,132,188,160,7753.26,775.33
2022-05-16,Chainways,143,137,222,210,10476.51,2514.36
2022-05-16,Double-save,234,187,159,156,8623.14,5087.65
2022-05-16,Eatery,456,384,249,239,11105.78,5775.01
2022-05-17,Andy's Grocery,105,101,416,236,12038.43,2768.84
2022-05-17,Bakeshop,145,139,199,168,8340.28,917.43
2022-05-17,Chainways,143,125,211,200,10241.48,2253.13
2022-05-17,Double-save,234,194,172,170,8968.75,5470.94
2022-05-17,Eatery,456,378,314,303,8248.49,4371.7
2022-05-18,Andy's Grocery,105,113,343,195,11970.05,2633.41
2022-05-18,Bakeshop,145,119,199,168,7861.25,707.51
2022-05-18,Chainways,143,129,215,202,9832.89,2163.24
2022-05-18,Double-save,234,203,168,165,8921.58,5352.95
2022-05-18,Eatery,456,383,308,298,10032.52,5317.24
2022-05-19,Andy's Grocery,105,96,486,275,12076.37,2656.8
2022-05-19,Bakeshop,145,128,185,158,8336.87,750.32
2022-05-19,Chainways,143,125,221,208,10625.21,2443.8
2022-05-19,Double-save,234,209,169,167,8500.54,5185.33
2022-05-19,Eatery,456,384,239,230,9641.33,4917.08
2022-05-20,Andy's Grocery,105,100,419,241,11933.39,2506.01
2022-05-20,Bakeshop,145,133,175,149,8151.02,815.1
2022-05-20,Chainways,143,115,252,238,10443.46,2402.0
2022-05-20,Double-save,234,199,166,164,8805.05,5371.08
2022-05-20,Eatery,456,381,286,274,10785.88,5500.8
2022-05-21,Andy's Grocery,105,98,401,229,11796.75,2477.32
2022-05-21,Bakeshop,145,126,195,166,8088.24,727.94
2022-05-21,Chainways,143,138,220,209,9751.25,2242.79
2022-05-21,Double-save,234,201,170,168,8590.55,5240.24
2022-05-21,Eatery,456,385,301,289,10950.78,5584.9
2022-05-22,Andy's Grocery,105,111,447,255,12414.44,2731.18
2022-05-22,Bakeshop,145,135,191,162,8037.55,803.76
2022-05-22,Chainways,143,126,251,235,9960.76,2390.58
2022-05-22,Double-save,234,206,166,162,8682.94,5122.93
2022-05-22,Eatery,456,383,227,219,11614.32,5923.3
2022-05-23,Andy's Grocery,105,95,320,182,11928.26,2743.5
2022-05-23,Bakeshop,145,131,209,179,7694.0,692.46
2022-05-23,Chainways,143,134,245,231,10127.84,2228.12
2022-05-23,Double-save,234,191,173,169,8327.19,5079.59
2022-05-23,Eatery,456,384,291,282,11414.25,5821.27
2022-05-24,Andy's Grocery,105,100,424,246,11770.93,2589.6
2022-05-24,Bakeshop,145,132,189,162,8200.94,820.09
2022-05-24,Chainways,143,121,239,227,10065.74,2315.12
2022-05-24,Double-save,234,200,172,170,8557.02,5048.64
2022-05-24,Eatery,456,369,305,293,10268.41,5442.26
2022-05-25,Andy's Grocery,105,90,494,280,12021.61,2524.54
2022-05-25,Bakeshop,145,121,178,152,8187.9,818.79
2022-05-25,Chainways,143,138,261,246,9526.22,2191.03
2022-05-25,Double-save,234,206,173,171,9134.93,5389.61
2022-05-25,Eatery,456,396,230,223,11939.81,6208.7
2022-05-26,Andy's Grocery,105,91,402,233,12231.69,2813.29
2022-05-26,Bakeshop,145,139,213,182,8017.43,881.92
2022-05-26,Chainways,143,139,211,200,9494.61,2088.81
2022-05-26,Double-save,234,195,176,172,8039.16,4903.89
2022-05-26,Eatery,456,366,345,331,8671.75,4509.31
2022-05-27,Andy's Grocery,105,87,352,203,12194.69,2560.88
2022-05-27,Bakeshop,145,126,204,173,7741.78,774.18
2022-05-27,Chainways,143,133,238,225,10499.49,2309.89
2022-05-27,Double-save,234,217,174,170,8706.33,5310.86
2022-05-27,Eatery,456,371,202,195,11162.66,5804.58
2022-05-28,Andy's Grocery,105,104,485,277,11933.36,2625.34
2022-05-28,Bakeshop,145,130,197,169,7985.94,878.45
2022-05-28,Chainways,143,118,222,210,10139.63,2332.11
2022-05-28,Double-save,234,192,177,174,8493.41,5180.98
2022-05-28,Eatery,456,370,321,309,12047.45,6385.15
2022-05-29,Andy's Grocery,105,96,418,242,12113.62,2665.0
2022-05-29,Bakeshop,145,139,201,174,8536.14,853.61
2022-05-29,Chainways,143,141,227,215,10547.24,2320.39
2022-05-29,Double-save,234,197,174,172,8221.58,4932.95
2022-05-29,Eatery,456,376,346,333,10666.68,5546.67
2022-05-30,Andy's Grocery,105,98,432,249,12508.66,2626.82
2022-05-30,Bakeshop,145,129,183,157,8109.48,892.04
2022-05-30,Chainways,143,126,211,201,10469.76,2303.35
2022-05-30,Double-save,234,205,179,178,8547.15,5042.82
2022-05-30,Eatery,456,376,270,261,10366.43,5286.88
2022-05-31,Andy's Grocery,105,109,414,239,11891.48,2497.21
2022-05-31,Bakeshop,145,142,218,186,8054.43,724.9
2022-05-31,Chainways,143,127,242,228,9572.49,2201.67
2022-05-31,Double-save,234,205,180,179,8431.7,5143.34
2022-05-31,Eatery,456,370,340,330,10878.47,5656.8
2022-06-01,Andy's Grocery,105,110,504,292,12088.77,2659.53
2022-06-01,Bakeshop,145,146,195,166,7389.05,738.91
2022-06-01,Chainways,143,143,200,190,10126.4,2329.07
2022-06-01,Double-save,234,189,183,180,8350.26,5093.66
2022-06-01,Eatery,456,372,322,314,12856.5,6813.95
2022-06-02,Andy's Grocery,105,95,500,291,12210.42,2808.4
2022-06-02,Bakeshop,145,133,185,158,8230.35,823.04
2022-06-02,Chainways,143,141,246,232,10073.57,2417.66
2022-06-02,Double-save,234,190,182,181,8797.2,5366.29
2022-06-02,Eatery,456,374,329,318,10550.88,5486.46
2022-06-03,Andy's Grocery,105,111,400,233,12455.7,2740.25
2022-06-03,Bakeshop,145,140,213,182,7761.58,776.16
2022-06-03,Chainways,143,118,270,257,9910.45,2180.3
2022-06-03,Double-save,234,204,185,182,8944.9,5277.49
2022-06-03,Eatery,456,371,301,292,7639.08,3895.93
2022-06-04,Andy's Grocery,105,104,496,285,12063.5,2774.61
2022-06-04,Bakeshop,145,147,211,181,8287.23,911.6
2022-06-04,Chainways,143,119,243,231,9519.8,2189.55
2022-06-04,Double-save,234,213,178,176,8864.5,5407.35
2022-06-04,Eatery,456,388,297,286,10968.0,5593.68
2022-06-05,Andy's Grocery,105,86,366,212,12243.84,2693.64
2022-06-05,Bakeshop,145,146,206,178,8099.1,728.92
2022-06-05,Chainways,143,122,241,230,10539.62,2424.11
2022-06-05,Double-save,234,206,186,184,8298.62,4896.19
2022-06-05,Eatery,456,380,263,257,11033.09,5737.21
2022-06-06,Andy's Grocery,105,97,402,232,12092.12,2539.35
2022-06-06,Bakeshop,145,128,209,178,8070.22,807.02
2022-06-06,Chainways,143,135,218,208,10560.42,2534.5
2022-06-06,Double-save,234,214,180,177,8292.1,5058.18
2022-06-06,Eatery,456,375,366,352,9973.94,5086.71
2022-06-07,Andy's Grocery,105,104,451,260,12020.08,2524.22
2022-06-07,Bakeshop,145,146,219,190,8349.82,834.98
2022-06-07,Chainways,143,139,249,239,10194.87,2344.82
2022-06-07,Double-save,234,199,183,182,8295.85,4977.51
2022-06-07,Eatery,456,391,300,292,11454.68,5956.43
2022-06-08,Andy's Grocery,105,105,438,254,12297.04,2582.38
2022-06-08,Bakeshop,145,139,216,186,8007.56,720.68
2022-06-08,Chainways,143,132,217,208,10044.15,2209.71
2022-06-08,Double-save,234,211,185,184,8749.1,5336.95
2022-06-08,Eatery,456,377,268,260,9529.85,5050.82
2022-06-09,Andy's Grocery,105,89,386,226,11911.36,2620.5
2022-06-09,Bakeshop,145,127,203,174,8113.63,730.23
2022-06-09,Chainways,143,121,254,242,10278.39,2466.81
2022-06-09,Double-save,234,206,188,185,8896.87,5427.09
2022-06-09,Eatery,456,376,339,329,11888.71,6301.02
2022-06-10,Andy's Grocery,105,114,402,234,12074.63,2777.16
2022-06-10,Bakeshop,145,130,194,168,7464.44,746.44
2022-06-10,Chainways,143,126,283,268,9526.91,2191.19
2022-06-10,Double-save,234,206,188,188,8205.54,4923.32
2022-06-10,Eatery,456,386,317,307,10292.68,5352.19
2022-06-11,Andy's Grocery,105,88,405,238,12457.75,2865.28
2022-06-11,Bakeshop,145,128,210,181,7822.19,704.0
2022-06-11,Chainways,143,128,234,223,9041.63,1989.16
2022-06-11,Double-save,234,208,188,186,8198.16,5000.88
2022-06-11,Eatery,456,384,296,289,8746.76,4460.85
2022-06-12,Andy's Grocery,105,100,472,275,12189.44,2803.57
2022-06-12,Bakeshop,145,119,215,184,8255.85,743.03
2022-06-12,Chainways,143,137,255,243,9816.17,2257.72
2022-06-12,Double-save,234,206,188,188,8580.97,5148.58
2022-06-12,Eatery,456,376,252,246,11036.82,5739.15
2022-06-13,Andy's Grocery,105,104,472,277,12076.93,2656.92
2022-06-13,Bakeshop,145,134,217,188,8151.92,733.67
2022-06-13,Chainways,143,125,259,247,10040.62,2309.34
2022-06-13,Double-save,234,207,188,186,8559.46,5221.27
2022-06-13,Eatery,456,371,321,313,11943.25,6329.92
2022-06-14,Andy's Grocery,105,88,465,269,11695.48,2573.01
2022-06-14,Bakeshop,145,123,213,185,8085.77,727.72
2022-06-14,Chainways,143,118,247,234,10590.82,2435.89
2022-06-14,Double-save,234,216,192,192,8927.66,5267.32
2022-06-14,Eatery,456,394,270,263,9335.12,4947.61
2022-06-15,Andy's Grocery,105,96,367,217,12310.67,2831.45
2022-06-15,Bakeshop,145,142,227,195,8169.09,816.91
2022-06-15,Chainways,143,131,261,250,9862.76,2268.43
2022-06-15,Double-save,234,206,192,191,8256.16,4871.13
2022-06-15,Eatery,456,382,303,297,8906.74,4631.5
2022-06-16,Andy's Grocery,105,105,469,273,12326.01,2834.98
2022-06-16,Bakeshop,145,140,223,194,7542.08,829.63
2022-06-16,Chainways,143,122,277,264,10307.96,2267.75
2022-06-16,Double-save,234,203,197,196,8077.4,4846.44
2022-06-16,Eatery,456,376,340,330,9989.22,5094.5
2022-06-17,Andy's Grocery,105,97,399,234,12138.42,2791.84
2022-06-17,Bakeshop,145,133,221,191,8392.88,839.29
2022-06-17,Chainways,143,139,247,236,9862.6,2169.77
2022-06-17,Double-save,234,202,194,191,8651.5,5277.42
2022-06-17,Eatery,456,370,273,267,11238.38,5843.96
2022-06-18,Andy's Grocery,105,89,399,237,12102.78,2541.58
2022-06-18,Bakeshop,145,140,215,185,7519.2,676.73
2022-06-18,Chainways,143,143,275,265,10478.59,2305.29
2022-06-18,Double-save,234,203,201,201,8211.21,4844.61
2022-06-18,Eatery,456,394,347,336,10853.32,5752.26
2022-06-19,Andy's Grocery,105,113,462,269,12306.55,2584.38
2022-06-19,Bakeshop,145,137,225,196,7715.41,694.39
2022-06-19,Chainways,143,129,268,257,9966.55,2391.97
2022-06-19,Double-save,234,202,195,194,8511.43,5191.97
2022-06-19,Eatery,456,382,282,278,11662.49,6181.12
2022-06-20,Andy's Grocery,105,105,439,256,11991.21,2757.98
2022-06-20,Bakeshop,145,128,232,200,8094.29,728.49
2022-06-20,Chainways,143,131,267,254,10458.53,2510.05
2022-06-20,Double-save,234,210,205,204,8562.2,5137.32
2022-06-20,Eatery,456,380,321,315,10354.51,5384.35
2022-06-21,Andy's Grocery,105,103,479,282,11805.85,2715.35
2022-06-21,Bakeshop,145,123,228,200,8053.44,724.81
2022-06-21,Chainways,143,122,280,269,11088.95,2550.46
2022-06-21,Double-save,234,197,197,195,7969.46,4701.98
2022-06-21,Eatery,456,393,280,274,12287.68,6389.59
2022-06-22,Andy's Grocery,105,94,427,253,12151.02,2551.71
2022-06-22,Bakeshop,145,129,216,187,8392.63,755.34
2022-06-22,Chainways,143,140,265,253,9541.82,2099.2
2022-06-22,Double-save,234,206,199,198,9096.79,5549.04
2022-06-22,Eatery,456,380,347,338,12972.54,6745.72
2022-06-23,Andy's Grocery,105,102,476,279,12090.75,2539.06
2022-06-23,Bakeshop,145,131,225,195,8504.35,935.48
2022-06-23,Chainways,143,118,275,264,9221.82,2213.24
2022-06-23,Double-save,234,208,201,200,8799.65,5367.79
2022-06-23,Eatery,456,396,310,305,9814.22,5201.54
2022-06-24,Andy's Grocery,105,88,382,224,12086.36,2659.0
2022-06-24,Bakeshop,145,129,227,198,7725.23,849.78
2022-06-24,Chainways,143,140,282,271,9389.38,2253.45
2022-06-24,Double-save,234,201,199,200,8493.02,5095.81
2022-06-24,Eatery,456,372,350,344,10268.12,5339.42
2022-06-25,Andy's Grocery,105,86,455,268,11707.89,2692.81
2022-06-25,Bakeshop,145,127,231,201,7766.05,698.94
2022-06-25,Chainways,143,139,270,259,10069.76,2316.04
2022-06-25,Double-save,234,193,206,206,8888.58,5244.26
2022-06-25,Eatery,456,378,332,324,12123.98,6304.47
2022-06-26,Andy's Grocery,105,110,400,234,12250.95,2817.72
2022-06-26,Bakeshop,145,145,239,207,8274.83,910.23
2022-06-26,Chainways,143,128,257,246,9833.73,2360.1
2022-06-26,Double-save,234,214,204,205,8923.58,5443.38
2022-06-26,Eatery,456,390,358,353,10726.55,5685.07
2022-06-27,Andy's Grocery,105,104,380,223,11894.71,2735.78
2022-06-27,Bakeshop,145,138,229,199,8177.99,899.58
2022-06-27,Chainways,143,133,267,257,10459.4,2301.07
2022-06-27,Double-save,234,197,203,204,8199.89,4919.93
2022-06-27,Eatery,456,382,296,288,12057.32,6269.81
2022-06-28,Andy's Grocery,105,98,446,263,11955.31,2749.72
2022-06-28,Bakeshop,145,122,216,188,7756.45,698.08
2022-06-28,Chainways,143,127,253,245,9912.51,2379.0
2022-06-28,Double-save,234,203,201,202,8360.25,4932.55
2022-06-28,Eatery,456,391,263,259,9281.58,4733.61
2022-06-29,Andy's Grocery,105,96,497,291,12315.69,2709.45
2022-06-29,Bakeshop,145,129,237,205,7841.03,784.1
2022-06-29,Chainways,143,124,270,260,10898.46,2615.63
2022-06-29,Double-save,234,200,209,208,8192.01,4833.29
2022-06-29,Eatery,456,377,315,309,11084.04,5652.86
2022-06-30,Andy's Grocery,105,108,483,284,12055.61,2772.79
2022-06-30,Bakeshop,145,127,232,202,7856.53,864.22
2022-06-30,Chainways,143,123,262,253,10344.15,2379.15
2022-06-30,Double-save,234,211,207,206,9353.08,5705.38
2022-06-30,Eatery,456,384,344,336,10527.3,5368.92
